{"stats":{"minecraft:killed":{"minecraft:pig":3,"minecraft:salmon":2,"minecraft:spider":1,"minecraft:iron_golem":1,"minecraft:sheep":1,"minecraft:skeleton":1,"minecraft:zombie":1,"minecraft:drowned":2,"minecraft:turtle":2,"minecraft:cow":14},"minecraft:mined":{"minecraft:crafting_table":5,"minecraft:short_grass":18,"minecraft:grass_block":15,"minecraft:tall_grass":2,"minecraft:sugar_cane":2,"minecraft:sandstone":21,"minecraft:blue_bed":1,"minecraft:hay_block":28,"minecraft:spruce_log":13,"minecraft:sand":88,"minecraft:dirt":13,"minecraft:oak_leaves":1,"minecraft:fern":1},"minecraft:crafted":{"minecraft:stone_shovel":1,"minecraft:leather_boots":1,"minecraft:crafting_table":1,"minecraft:spruce_planks":20,"minecraft:wooden_pickaxe":1,"minecraft:shield":1,"minecraft:stick":4,"minecraft:stone_sword":1,"minecraft:spruce_boat":1},"minecraft:picked_up":{"minecraft:seagrass":4,"minecraft:crafting_table":5,"minecraft:salmon":2,"minecraft:leather":15,"minecraft:dirt":60,"minecraft:blue_bed":1,"minecraft:raw_copper":1,"minecraft:bone":3,"minecraft:kelp":7,"minecraft:bow":1,"minecraft:wheat_seeds":3,"minecraft:beef":27,"minecraft:iron_ingot":3,"minecraft:poppy":2,"minecraft:sugar_cane":7,"minecraft:stick":1,"minecraft:sandstone":21,"minecraft:sweet_berries":147,"minecraft:copper_ingot":1,"minecraft:dandelion":2,"minecraft:porkchop":8,"minecraft:sand":87,"minecraft:spruce_log":21,"minecraft:arrow":3,"minecraft:rotten_flesh":2,"minecraft:spruce_boat":4,"minecraft:hay_block":28,"minecraft:mutton":1,"minecraft:white_wool":1,"minecraft:cobblestone":3},"minecraft:killed_by":{"minecraft:drowned":1},"minecraft:dropped":{"minecraft:filled_map":1,"minecraft:gunpowder":5,"minecraft:sand":23,"minecraft:white_wool":1,"minecraft:dandelion":4},"minecraft:custom":{"minecraft:mob_kills":28,"minecraft:interact_with_crafting_table":8,"minecraft:interact_with_stonecutter":1,"minecraft:time_since_death":225,"minecraft:sleep_in_bed":1,"minecraft:climb_one_cm":315,"minecraft:time_since_rest":250,"minecraft:sprint_one_cm":215447,"minecraft:damage_taken":1001,"minecraft:walk_one_cm":124503,"minecraft:damage_blocked_by_shield":250,"minecraft:drop":6,"minecraft:damage_dealt":4084,"minecraft:swim_one_cm":141889,"minecraft:talked_to_villager":2,"minecraft:fly_one_cm":223413,"minecraft:open_chest":10,"minecraft:crouch_one_cm":6238,"minecraft:play_time":77979,"minecraft:deaths":1,"minecraft:sneak_time":2052,"minecraft:walk_under_water_one_cm":22634,"minecraft:boat_one_cm":545587,"minecraft:jump":1176,"minecraft:walk_on_water_one_cm":49306,"minecraft:total_world_time":77979,"minecraft:fall_one_cm":23081},"minecraft:used":{"minecraft:stone_sword":70,"minecraft:stone_shovel":87,"minecraft:shield":6,"minecraft:wooden_pickaxe":21,"minecraft:blue_bed":1,"minecraft:leather_boots":1,"minecraft:rotten_flesh":2,"minecraft:salmon":2,"minecraft:dirt":60,"minecraft:mutton":1,"minecraft:crafting_table":5,"minecraft:spruce_boat":5,"minecraft:bow":5,"minecraft:beef":24,"minecraft:sweet_berries":90,"minecraft:porkchop":8}},"DataVersion":3953}