{"stats":{"minecraft:killed":{"minecraft:spider":1,"minecraft:sheep":1,"minecraft:zombie":1,"minecraft:salmon":1},"minecraft:picked_up":{"minecraft:raw_copper":1,"minecraft:bone":2,"minecraft:stick":1,"minecraft:arrow":1,"minecraft:sweet_berries":17,"minecraft:rotten_flesh":1,"minecraft:salmon":1,"minecraft:spruce_log":3,"minecraft:mutton":1,"minecraft:dirt":26,"minecraft:white_wool":1,"minecraft:cobblestone":3},"minecraft:custom":{"minecraft:time_since_rest":11979,"minecraft:crouch_one_cm":3856,"minecraft:play_time":11979,"minecraft:sprint_one_cm":31560,"minecraft:damage_taken":211,"minecraft:walk_one_cm":26954,"minecraft:sneak_time":1197,"minecraft:walk_under_water_one_cm":524,"minecraft:mob_kills":4,"minecraft:jump":193,"minecraft:damage_dealt":478,"minecraft:time_since_death":11979,"minecraft:walk_on_water_one_cm":8551,"minecraft:total_world_time":11979,"minecraft:swim_one_cm":6195,"minecraft:fall_one_cm":3139,"minecraft:fly_one_cm":20603},"minecraft:used":{"minecraft:rotten_flesh":1,"minecraft:salmon":1,"minecraft:dirt":24,"minecraft:mutton":1,"minecraft:sweet_berries":17}},"DataVersion":3953}