{"stats":{"minecraft:killed":{"minecraft:pig":3,"minecraft:salmon":2,"minecraft:spider":1,"minecraft:iron_golem":1,"minecraft:sheep":1,"minecraft:skeleton":7,"minecraft:zombie":13,"minecraft:drowned":2,"minecraft:turtle":2,"minecraft:cow":14},"minecraft:mined":{"minecraft:torch":1,"minecraft:crafting_table":5,"minecraft:short_grass":18,"minecraft:grass_block":15,"minecraft:tall_grass":2,"minecraft:lapis_ore":5,"minecraft:sugar_cane":2,"minecraft:diorite":1,"minecraft:sandstone":21,"minecraft:blue_bed":1,"minecraft:hay_block":28,"minecraft:iron_ore":32,"minecraft:spruce_log":13,"minecraft:coal_ore":20,"minecraft:sand":88,"minecraft:dirt":13,"minecraft:stone":18,"minecraft:gold_ore":7,"minecraft:oak_leaves":1,"minecraft:fern":1},"minecraft:crafted":{"minecraft:stone_shovel":1,"minecraft:leather_boots":1,"minecraft:crafting_table":2,"minecraft:spruce_planks":52,"minecraft:wooden_pickaxe":1,"minecraft:iron_sword":1,"minecraft:furnace":1,"minecraft:bucket":2,"minecraft:iron_chestplate":1,"minecraft:shield":1,"minecraft:stick":20,"minecraft:iron_pickaxe":1,"minecraft:stone_pickaxe":1,"minecraft:stone_sword":1,"minecraft:chest":2,"minecraft:spruce_boat":1,"minecraft:torch":40},"minecraft:picked_up":{"minecraft:seagrass":12,"minecraft:crafting_table":5,"minecraft:salmon":2,"minecraft:leather":15,"minecraft:potato":1,"minecraft:lapis_lazuli":36,"minecraft:dirt":60,"minecraft:blue_bed":1,"minecraft:raw_copper":1,"minecraft:bone":6,"minecraft:kelp":7,"minecraft:bow":2,"minecraft:wheat_seeds":3,"minecraft:raw_gold":7,"minecraft:beef":27,"minecraft:iron_ingot":3,"minecraft:poppy":2,"minecraft:sugar_cane":7,"minecraft:raw_iron":32,"minecraft:stick":1,"minecraft:sandstone":21,"minecraft:sweet_berries":238,"minecraft:copper_ingot":1,"minecraft:torch":1,"minecraft:dandelion":2,"minecraft:porkchop":8,"minecraft:sand":87,"minecraft:diorite":1,"minecraft:spruce_log":21,"minecraft:arrow":9,"minecraft:rotten_flesh":19,"minecraft:spruce_boat":4,"minecraft:hay_block":28,"minecraft:coal":19,"minecraft:mutton":1,"minecraft:white_wool":1,"minecraft:cobblestone":21},"minecraft:killed_by":{"minecraft:drowned":1},"minecraft:dropped":{"minecraft:filled_map":1,"minecraft:gunpowder":5,"minecraft:seagrass":8,"minecraft:sand":23,"minecraft:white_wool":1,"minecraft:dandelion":4},"minecraft:custom":{"minecraft:mob_kills":47,"minecraft:interact_with_crafting_table":17,"minecraft:interact_with_stonecutter":1,"minecraft:time_since_death":24225,"minecraft:sleep_in_bed":1,"minecraft:climb_one_cm":315,"minecraft:time_since_rest":24250,"minecraft:sprint_one_cm":281532,"minecraft:damage_taken":1519,"minecraft:walk_one_cm":168645,"minecraft:damage_blocked_by_shield":1052,"minecraft:drop":8,"minecraft:damage_dealt":7203,"minecraft:swim_one_cm":149688,"minecraft:talked_to_villager":2,"minecraft:fly_one_cm":290834,"minecraft:open_chest":14,"minecraft:crouch_one_cm":8855,"minecraft:play_time":101979,"minecraft:deaths":1,"minecraft:sneak_time":3104,"minecraft:walk_under_water_one_cm":27164,"minecraft:boat_one_cm":545587,"minecraft:jump":1603,"minecraft:walk_on_water_one_cm":67495,"minecraft:total_world_time":101979,"minecraft:fall_one_cm":29782},"minecraft:used":{"minecraft:stone_sword":132,"minecraft:stone_pickaxe":62,"minecraft:stone_shovel":87,"minecraft:chest":2,"minecraft:shield":28,"minecraft:wooden_pickaxe":34,"minecraft:iron_sword":17,"minecraft:blue_bed":1,"minecraft:leather_boots":1,"minecraft:rotten_flesh":14,"minecraft:salmon":2,"minecraft:torch":11,"minecraft:dirt":60,"minecraft:mutton":1,"minecraft:crafting_table":6,"minecraft:spruce_boat":5,"minecraft:iron_pickaxe":8,"minecraft:bow":5,"minecraft:beef":27,"minecraft:sweet_berries":113,"minecraft:furnace":1,"minecraft:porkchop":8}},"DataVersion":3953}