{"stats":{"minecraft:killed":{"minecraft:sheep":1,"minecraft:skeleton":1,"minecraft:zombie":1,"minecraft:pig":2,"minecraft:salmon":2,"minecraft:spider":1,"minecraft:iron_golem":1,"minecraft:cow":7},"minecraft:mined":{"minecraft:hay_block":28,"minecraft:spruce_log":13,"minecraft:crafting_table":4,"minecraft:short_grass":4,"minecraft:dirt":8,"minecraft:grass_block":1,"minecraft:sugar_cane":2,"minecraft:oak_leaves":1,"minecraft:blue_bed":1,"minecraft:fern":1},"minecraft:crafted":{"minecraft:shield":1,"minecraft:leather_boots":1,"minecraft:crafting_table":1,"minecraft:spruce_planks":16,"minecraft:stone_sword":1,"minecraft:spruce_boat":1},"minecraft:picked_up":{"minecraft:crafting_table":4,"minecraft:stick":1,"minecraft:sweet_berries":147,"minecraft:salmon":2,"minecraft:leather":7,"minecraft:porkchop":5,"minecraft:spruce_log":21,"minecraft:blue_bed":1,"minecraft:dirt":41,"minecraft:raw_copper":1,"minecraft:spruce_boat":3,"minecraft:arrow":3,"minecraft:bone":3,"minecraft:rotten_flesh":2,"minecraft:bow":1,"minecraft:wheat_seeds":1,"minecraft:hay_block":28,"minecraft:iron_ingot":3,"minecraft:beef":15,"minecraft:poppy":2,"minecraft:sugar_cane":7,"minecraft:mutton":1,"minecraft:white_wool":1,"minecraft:cobblestone":3},"minecraft:used":{"minecraft:spruce_boat":4,"minecraft:stone_sword":21,"minecraft:blue_bed":1,"minecraft:leather_boots":1,"minecraft:rotten_flesh":2,"minecraft:salmon":2,"minecraft:dirt":32,"minecraft:mutton":1,"minecraft:bow":5,"minecraft:beef":15,"minecraft:sweet_berries":37,"minecraft:crafting_table":4,"minecraft:porkchop":4},"minecraft:custom":{"minecraft:time_since_rest":47979,"minecraft:sprint_one_cm":175661,"minecraft:damage_taken":549,"minecraft:walk_one_cm":90546,"minecraft:mob_kills":16,"minecraft:damage_dealt":2269,"minecraft:talked_to_villager":2,"minecraft:swim_one_cm":52066,"minecraft:interact_with_crafting_table":6,"minecraft:fly_one_cm":153161,"minecraft:open_chest":2,"minecraft:crouch_one_cm":5648,"minecraft:play_time":47979,"minecraft:sneak_time":1837,"minecraft:walk_under_water_one_cm":8993,"minecraft:boat_one_cm":228370,"minecraft:jump":835,"minecraft:interact_with_stonecutter":1,"minecraft:walk_on_water_one_cm":28873,"minecraft:time_since_death":47979,"minecraft:climb_one_cm":315,"minecraft:total_world_time":47979,"minecraft:fall_one_cm":17110}},"DataVersion":3953}