{"stats":{"minecraft:killed":{"minecraft:sheep":1,"minecraft:skeleton":1,"minecraft:zombie":1,"minecraft:pig":3,"minecraft:salmon":2,"minecraft:spider":1,"minecraft:iron_golem":1,"minecraft:cow":7},"minecraft:mined":{"minecraft:hay_block":28,"minecraft:spruce_log":13,"minecraft:crafting_table":4,"minecraft:short_grass":14,"minecraft:dirt":13,"minecraft:grass_block":15,"minecraft:sugar_cane":2,"minecraft:oak_leaves":1,"minecraft:blue_bed":1,"minecraft:fern":1},"minecraft:crafted":{"minecraft:shield":1,"minecraft:leather_boots":1,"minecraft:crafting_table":1,"minecraft:spruce_planks":16,"minecraft:stone_sword":1,"minecraft:spruce_boat":1},"minecraft:picked_up":{"minecraft:crafting_table":4,"minecraft:stick":1,"minecraft:sweet_berries":147,"minecraft:salmon":2,"minecraft:leather":7,"minecraft:porkchop":8,"minecraft:spruce_log":21,"minecraft:blue_bed":1,"minecraft:dirt":60,"minecraft:raw_copper":1,"minecraft:spruce_boat":4,"minecraft:arrow":3,"minecraft:bone":3,"minecraft:rotten_flesh":2,"minecraft:bow":1,"minecraft:wheat_seeds":2,"minecraft:hay_block":28,"minecraft:iron_ingot":3,"minecraft:beef":15,"minecraft:poppy":2,"minecraft:sugar_cane":7,"minecraft:mutton":1,"minecraft:white_wool":1,"minecraft:cobblestone":3},"minecraft:used":{"minecraft:spruce_boat":4,"minecraft:stone_sword":21,"minecraft:blue_bed":1,"minecraft:leather_boots":1,"minecraft:rotten_flesh":2,"minecraft:salmon":2,"minecraft:dirt":60,"minecraft:mutton":1,"minecraft:bow":5,"minecraft:beef":15,"minecraft:sweet_berries":90,"minecraft:crafting_table":4,"minecraft:porkchop":5},"minecraft:custom":{"minecraft:time_since_rest":9734,"minecraft:sprint_one_cm":190372,"minecraft:damage_taken":549,"minecraft:walk_one_cm":110455,"minecraft:mob_kills":17,"minecraft:damage_dealt":2369,"minecraft:talked_to_villager":2,"minecraft:swim_one_cm":56012,"minecraft:interact_with_crafting_table":6,"minecraft:fly_one_cm":167075,"minecraft:open_chest":2,"minecraft:crouch_one_cm":5651,"minecraft:play_time":59979,"minecraft:sneak_time":1870,"minecraft:walk_under_water_one_cm":9487,"minecraft:boat_one_cm":397495,"minecraft:jump":943,"minecraft:interact_with_stonecutter":1,"minecraft:walk_on_water_one_cm":34625,"minecraft:time_since_death":59979,"minecraft:sleep_in_bed":1,"minecraft:climb_one_cm":315,"minecraft:total_world_time":59979,"minecraft:fall_one_cm":18544}},"DataVersion":3953}