{"stats":{"minecraft:killed":{"minecraft:pig":3,"minecraft:salmon":2,"minecraft:spider":1,"minecraft:iron_golem":1,"minecraft:sheep":1,"minecraft:skeleton":4,"minecraft:zombie":8,"minecraft:drowned":2,"minecraft:turtle":2,"minecraft:cow":14},"minecraft:mined":{"minecraft:crafting_table":5,"minecraft:short_grass":18,"minecraft:grass_block":15,"minecraft:tall_grass":2,"minecraft:sugar_cane":2,"minecraft:diorite":1,"minecraft:sandstone":21,"minecraft:blue_bed":1,"minecraft:hay_block":28,"minecraft:iron_ore":16,"minecraft:spruce_log":13,"minecraft:coal_ore":18,"minecraft:sand":88,"minecraft:dirt":13,"minecraft:stone":11,"minecraft:oak_leaves":1,"minecraft:fern":1},"minecraft:crafted":{"minecraft:stone_shovel":1,"minecraft:leather_boots":1,"minecraft:crafting_table":2,"minecraft:spruce_planks":44,"minecraft:wooden_pickaxe":1,"minecraft:furnace":1,"minecraft:shield":1,"minecraft:stick":12,"minecraft:stone_pickaxe":1,"minecraft:stone_sword":1,"minecraft:chest":2,"minecraft:spruce_boat":1,"minecraft:torch":8},"minecraft:picked_up":{"minecraft:seagrass":12,"minecraft:crafting_table":5,"minecraft:salmon":2,"minecraft:leather":15,"minecraft:dirt":60,"minecraft:blue_bed":1,"minecraft:raw_copper":1,"minecraft:bone":5,"minecraft:kelp":7,"minecraft:bow":1,"minecraft:wheat_seeds":3,"minecraft:beef":27,"minecraft:iron_ingot":3,"minecraft:poppy":2,"minecraft:sugar_cane":7,"minecraft:raw_iron":16,"minecraft:stick":1,"minecraft:sandstone":21,"minecraft:sweet_berries":153,"minecraft:copper_ingot":1,"minecraft:dandelion":2,"minecraft:porkchop":8,"minecraft:sand":87,"minecraft:diorite":1,"minecraft:spruce_log":21,"minecraft:arrow":7,"minecraft:rotten_flesh":10,"minecraft:spruce_boat":4,"minecraft:hay_block":28,"minecraft:coal":18,"minecraft:mutton":1,"minecraft:white_wool":1,"minecraft:cobblestone":14},"minecraft:killed_by":{"minecraft:drowned":1},"minecraft:dropped":{"minecraft:filled_map":1,"minecraft:gunpowder":5,"minecraft:seagrass":8,"minecraft:sand":23,"minecraft:white_wool":1,"minecraft:dandelion":4},"minecraft:custom":{"minecraft:mob_kills":39,"minecraft:interact_with_crafting_table":16,"minecraft:interact_with_stonecutter":1,"minecraft:time_since_death":12225,"minecraft:sleep_in_bed":1,"minecraft:climb_one_cm":315,"minecraft:time_since_rest":12250,"minecraft:sprint_one_cm":246445,"minecraft:damage_taken":1236,"minecraft:walk_one_cm":147721,"minecraft:damage_blocked_by_shield":769,"minecraft:drop":8,"minecraft:damage_dealt":5902,"minecraft:swim_one_cm":148646,"minecraft:talked_to_villager":2,"minecraft:fly_one_cm":253962,"minecraft:open_chest":14,"minecraft:crouch_one_cm":6970,"minecraft:play_time":89979,"minecraft:deaths":1,"minecraft:sneak_time":2380,"minecraft:walk_under_water_one_cm":24469,"minecraft:boat_one_cm":545587,"minecraft:jump":1342,"minecraft:walk_on_water_one_cm":58010,"minecraft:total_world_time":89979,"minecraft:fall_one_cm":26543},"minecraft:used":{"minecraft:stone_sword":117,"minecraft:stone_pickaxe":33,"minecraft:stone_shovel":87,"minecraft:chest":2,"minecraft:shield":20,"minecraft:wooden_pickaxe":34,"minecraft:blue_bed":1,"minecraft:leather_boots":1,"minecraft:rotten_flesh":9,"minecraft:salmon":2,"minecraft:torch":4,"minecraft:dirt":60,"minecraft:mutton":1,"minecraft:crafting_table":6,"minecraft:spruce_boat":5,"minecraft:bow":5,"minecraft:beef":27,"minecraft:sweet_berries":90,"minecraft:furnace":1,"minecraft:porkchop":8}},"DataVersion":3953}