{"stats":{"minecraft:killed":{"minecraft:sheep":1,"minecraft:skeleton":1,"minecraft:zombie":1,"minecraft:pig":2,"minecraft:salmon":2,"minecraft:spider":1,"minecraft:cow":7},"minecraft:mined":{"minecraft:hay_block":8,"minecraft:spruce_log":13,"minecraft:crafting_table":2,"minecraft:short_grass":3,"minecraft:grass_block":1,"minecraft:sugar_cane":2,"minecraft:blue_bed":1,"minecraft:fern":1},"minecraft:crafted":{"minecraft:leather_boots":1,"minecraft:crafting_table":1,"minecraft:spruce_planks":12,"minecraft:spruce_boat":1},"minecraft:picked_up":{"minecraft:crafting_table":2,"minecraft:stick":1,"minecraft:sweet_berries":147,"minecraft:salmon":2,"minecraft:leather":7,"minecraft:porkchop":5,"minecraft:spruce_log":21,"minecraft:blue_bed":1,"minecraft:dirt":33,"minecraft:raw_copper":1,"minecraft:spruce_boat":2,"minecraft:arrow":3,"minecraft:bone":3,"minecraft:rotten_flesh":2,"minecraft:bow":1,"minecraft:wheat_seeds":1,"minecraft:hay_block":8,"minecraft:beef":15,"minecraft:sugar_cane":7,"minecraft:mutton":1,"minecraft:white_wool":1,"minecraft:cobblestone":3},"minecraft:used":{"minecraft:spruce_boat":2,"minecraft:leather_boots":1,"minecraft:rotten_flesh":2,"minecraft:salmon":2,"minecraft:dirt":24,"minecraft:mutton":1,"minecraft:bow":5,"minecraft:beef":10,"minecraft:sweet_berries":27,"minecraft:crafting_table":2,"minecraft:porkchop":4},"minecraft:custom":{"minecraft:time_since_rest":35979,"minecraft:sprint_one_cm":134264,"minecraft:damage_taken":392,"minecraft:walk_one_cm":71406,"minecraft:mob_kills":15,"minecraft:damage_dealt":1269,"minecraft:talked_to_villager":2,"minecraft:swim_one_cm":33749,"minecraft:interact_with_crafting_table":4,"minecraft:fly_one_cm":106037,"minecraft:open_chest":1,"minecraft:crouch_one_cm":4203,"minecraft:play_time":35979,"minecraft:sneak_time":1256,"minecraft:walk_under_water_one_cm":1730,"minecraft:boat_one_cm":196882,"minecraft:jump":578,"minecraft:walk_on_water_one_cm":23155,"minecraft:time_since_death":35979,"minecraft:climb_one_cm":315,"minecraft:total_world_time":35979,"minecraft:fall_one_cm":9061}},"DataVersion":3953}