{"stats":{"minecraft:killed":{"minecraft:sheep":1,"minecraft:skeleton":1,"minecraft:zombie":1,"minecraft:pig":2,"minecraft:salmon":2,"minecraft:spider":1,"minecraft:cow":3},"minecraft:mined":{"minecraft:spruce_log":13,"minecraft:crafting_table":1,"minecraft:grass_block":1,"minecraft:sugar_cane":2,"minecraft:blue_bed":1,"minecraft:fern":1},"minecraft:crafted":{"minecraft:leather_boots":1,"minecraft:crafting_table":1,"minecraft:spruce_planks":4},"minecraft:picked_up":{"minecraft:crafting_table":1,"minecraft:stick":1,"minecraft:sweet_berries":124,"minecraft:salmon":2,"minecraft:leather":4,"minecraft:porkchop":5,"minecraft:spruce_log":21,"minecraft:blue_bed":1,"minecraft:dirt":33,"minecraft:raw_copper":1,"minecraft:arrow":3,"minecraft:bone":3,"minecraft:rotten_flesh":2,"minecraft:bow":1,"minecraft:beef":7,"minecraft:sugar_cane":7,"minecraft:mutton":1,"minecraft:white_wool":1,"minecraft:cobblestone":3},"minecraft:used":{"minecraft:leather_boots":1,"minecraft:rotten_flesh":2,"minecraft:salmon":2,"minecraft:dirt":24,"minecraft:mutton":1,"minecraft:bow":5,"minecraft:beef":7,"minecraft:sweet_berries":21,"minecraft:crafting_table":1,"minecraft:porkchop":4},"minecraft:custom":{"minecraft:time_since_rest":23979,"minecraft:sprint_one_cm":96016,"minecraft:damage_taken":382,"minecraft:walk_one_cm":58722,"minecraft:mob_kills":11,"minecraft:damage_dealt":869,"minecraft:swim_one_cm":18621,"minecraft:interact_with_crafting_table":3,"minecraft:fly_one_cm":69872,"minecraft:open_chest":1,"minecraft:crouch_one_cm":4102,"minecraft:play_time":23979,"minecraft:sneak_time":1227,"minecraft:walk_under_water_one_cm":1572,"minecraft:jump":401,"minecraft:walk_on_water_one_cm":18067,"minecraft:time_since_death":23979,"minecraft:climb_one_cm":315,"minecraft:total_world_time":23979,"minecraft:fall_one_cm":6437}},"DataVersion":3953}