{"stats":{"minecraft:killed":{"minecraft:cave_spider":3,"minecraft:spider":3,"minecraft:skeleton":4,"minecraft:chicken":7,"minecraft:zombie_villager":1,"minecraft:creeper":2,"minecraft:sheep":6,"minecraft:zombie":8,"minecraft:glow_squid":5,"minecraft:cow":5},"minecraft:mined":{"minecraft:spruce_planks":1,"minecraft:mossy_cobblestone":1,"minecraft:spruce_trapdoor":4,"minecraft:grass_block":1,"minecraft:spruce_fence":37,"minecraft:spruce_leaves":23,"minecraft:cartography_table":1,"minecraft:large_fern":5,"minecraft:redstone_ore":8,"minecraft:iron_ore":87,"minecraft:andesite":2,"minecraft:stripped_spruce_log":1,"minecraft:fletching_table":2,"minecraft:bookshelf":6,"minecraft:pointed_dripstone":1,"minecraft:rail":66,"minecraft:stone":71,"minecraft:tripwire":2,"minecraft:brown_mushroom":2,"minecraft:smoker":1,"minecraft:crafting_table":4,"minecraft:torch":4,"minecraft:short_grass":1,"minecraft:blast_furnace":3,"minecraft:chest":5,"minecraft:lectern":1,"minecraft:tall_grass":1,"minecraft:copper_ore":6,"minecraft:cobblestone":12,"minecraft:lapis_ore":6,"minecraft:sugar_cane":25,"minecraft:diorite":1,"minecraft:wall_torch":3,"minecraft:blue_bed":1,"minecraft:coarse_dirt":6,"minecraft:wheat":1,"minecraft:sweet_berry_bush":76,"minecraft:spruce_log":33,"minecraft:smooth_stone_slab":4,"minecraft:coal_ore":111,"minecraft:gravel":1,"minecraft:dirt":7,"minecraft:stonecutter":1,"minecraft:spruce_fence_gate":1,"minecraft:fern":2},"minecraft:broken":{"minecraft:stone_sword":1,"minecraft:stone_pickaxe":2},"minecraft:crafted":{"minecraft:cooked_chicken":6,"minecraft:furnace":1,"minecraft:cooked_mutton":9,"minecraft:iron_boots":1,"minecraft:stone_pickaxe":3,"minecraft:crafting_table":1,"minecraft:spruce_planks":28,"minecraft:wooden_pickaxe":1,"minecraft:stone_axe":1,"minecraft:air":0,"minecraft:shield":1,"minecraft:stick":32,"minecraft:iron_ingot":24,"minecraft:iron_pickaxe":1,"minecraft:stone_sword":2,"minecraft:iron_leggings":1,"minecraft:torch":60},"minecraft:picked_up":{"minecraft:crafting_table":4,"minecraft:coarse_dirt":6,"minecraft:wheat":1,"minecraft:chicken":7,"minecraft:brown_mushroom":2,"minecraft:string":10,"minecraft:raw_copper":22,"minecraft:large_fern":1,"minecraft:smooth_stone_slab":6,"minecraft:armor_stand":2,"minecraft:cartography_table":1,"minecraft:spruce_planks":1,"minecraft:beef":7,"minecraft:lectern":1,"minecraft:sugar_cane":60,"minecraft:chest":5,"minecraft:spruce_trapdoor":4,"minecraft:stick":1,"minecraft:raw_iron":87,"minecraft:oak_fence":1,"minecraft:torch":8,"minecraft:spruce_fence":37,"minecraft:pointed_dripstone":3,"minecraft:diorite":1,"minecraft:redstone":35,"minecraft:arrow":5,"minecraft:rotten_flesh":7,"minecraft:mutton":16,"minecraft:white_wool":9,"minecraft:rail":66,"minecraft:cobblestone":102,"minecraft:feather":6,"minecraft:glow_ink_sac":9,"minecraft:andesite":2,"minecraft:brown_wool":1,"minecraft:leather":1,"minecraft:fern":3,"minecraft:smoker":1,"minecraft:potato":1,"minecraft:gunpowder":1,"minecraft:lapis_lazuli":40,"minecraft:blue_bed":1,"minecraft:dirt":8,"minecraft:bone":6,"minecraft:stonecutter":1,"minecraft:bow":2,"minecraft:wheat_seeds":3,"minecraft:fletching_table":2,"minecraft:oak_planks":3,"minecraft:book":18,"minecraft:sweet_berries":222,"minecraft:gravel":1,"minecraft:stripped_spruce_log":1,"minecraft:spruce_sapling":6,"minecraft:blast_furnace":3,"minecraft:ink_sac":3,"minecraft:spruce_log":37,"minecraft:mossy_cobblestone":1,"minecraft:spruce_fence_gate":1,"minecraft:pumpkin_seeds":8,"minecraft:granite":1,"minecraft:bread":8,"minecraft:coal":111},"minecraft:dropped":{"minecraft:wheat_seeds":1,"minecraft:large_fern":1,"minecraft:rotten_flesh":1,"minecraft:fern":1,"minecraft:pumpkin_seeds":8},"minecraft:custom":{"minecraft:mob_kills":45,"minecraft:interact_with_crafting_table":17,"minecraft:time_since_death":113971,"minecraft:climb_one_cm":630,"minecraft:sprint_one_cm":434514,"minecraft:walk_one_cm":238714,"minecraft:damage_blocked_by_shield":100,"minecraft:drop":7,"minecraft:talked_to_villager":1,"minecraft:play_time":113971,"minecraft:sneak_time":11942,"minecraft:walk_under_water_one_cm":10108,"minecraft:jump":2137,"minecraft:interact_with_blast_furnace":32,"minecraft:walk_on_water_one_cm":6842,"minecraft:total_world_time":113971,"minecraft:interact_with_furnace":6,"minecraft:sleep_in_bed":2,"minecraft:time_since_rest":50695,"minecraft:damage_taken":650,"minecraft:damage_dealt":5907,"minecraft:swim_one_cm":30679,"minecraft:fly_one_cm":406000,"minecraft:open_chest":39,"minecraft:crouch_one_cm":34098,"minecraft:interact_with_smoker":5,"minecraft:fall_one_cm":39432},"minecraft:used":{"minecraft:oak_fence":1,"minecraft:stone_sword":154,"minecraft:chest":4,"minecraft:shield":4,"minecraft:rotten_flesh":1,"minecraft:iron_chestplate":1,"minecraft:torch":21,"minecraft:dirt":7,"minecraft:mutton":7,"minecraft:granite":1,"minecraft:fern":2,"minecraft:iron_helmet":1,"minecraft:bow":1,"minecraft:beef":3,"minecraft:sweet_berries":109,"minecraft:furnace":1,"minecraft:wheat_seeds":2,"minecraft:diorite":1,"minecraft:stone_pickaxe":363,"minecraft:wooden_pickaxe":13,"minecraft:brown_mushroom":2,"minecraft:blue_bed":1,"minecraft:sugar_cane":42,"minecraft:mossy_cobblestone":1,"minecraft:crafting_table":4,"minecraft:blast_furnace":3,"minecraft:spruce_log":1,"minecraft:smoker":1,"minecraft:chicken":1,"minecraft:iron_pickaxe":9,"minecraft:string":2,"minecraft:gravel":1,"minecraft:stone_axe":94,"minecraft:cobblestone":47,"minecraft:andesite":2,"minecraft:smooth_stone_slab":6,"minecraft:coarse_dirt":6}},"DataVersion":3953}