{"stats":{"minecraft:killed":{"minecraft:zombie_villager":1,"minecraft:spider":3,"minecraft:creeper":2,"minecraft:sheep":6,"minecraft:skeleton":2,"minecraft:zombie":5,"minecraft:chicken":7,"minecraft:cow":5},"minecraft:mined":{"minecraft:spruce_planks":1,"minecraft:brown_mushroom":2,"minecraft:mossy_cobblestone":1,"minecraft:smoker":1,"minecraft:torch":4,"minecraft:crafting_table":4,"minecraft:spruce_trapdoor":4,"minecraft:short_grass":1,"minecraft:blast_furnace":3,"minecraft:spruce_fence":37,"minecraft:grass_block":1,"minecraft:chest":5,"minecraft:lectern":1,"minecraft:copper_ore":6,"minecraft:tall_grass":1,"minecraft:cobblestone":11,"minecraft:diorite":1,"minecraft:spruce_leaves":23,"minecraft:sugar_cane":25,"minecraft:cartography_table":1,"minecraft:blue_bed":1,"minecraft:wall_torch":3,"minecraft:large_fern":5,"minecraft:iron_ore":24,"minecraft:wheat":1,"minecraft:sweet_berry_bush":75,"minecraft:andesite":1,"minecraft:spruce_log":33,"minecraft:stripped_spruce_log":1,"minecraft:fletching_table":2,"minecraft:smooth_stone_slab":4,"minecraft:bookshelf":6,"minecraft:coal_ore":111,"minecraft:gravel":1,"minecraft:dirt":6,"minecraft:spruce_fence_gate":1,"minecraft:stonecutter":1,"minecraft:stone":52,"minecraft:tripwire":2,"minecraft:fern":2},"minecraft:broken":{"minecraft:stone_pickaxe":1},"minecraft:crafted":{"minecraft:crafting_table":1,"minecraft:spruce_planks":28,"minecraft:wooden_pickaxe":1,"minecraft:furnace":1,"minecraft:air":0,"minecraft:stone_axe":1,"minecraft:cooked_mutton":9,"minecraft:stick":32,"minecraft:stone_pickaxe":2,"minecraft:stone_sword":1,"minecraft:torch":60},"minecraft:picked_up":{"minecraft:crafting_table":4,"minecraft:wheat":1,"minecraft:feather":6,"minecraft:chicken":7,"minecraft:leather":1,"minecraft:andesite":1,"minecraft:brown_mushroom":2,"minecraft:brown_wool":1,"minecraft:fern":3,"minecraft:smoker":1,"minecraft:potato":1,"minecraft:gunpowder":1,"minecraft:dirt":7,"minecraft:string":4,"minecraft:blue_bed":1,"minecraft:raw_copper":22,"minecraft:smooth_stone_slab":6,"minecraft:large_fern":1,"minecraft:armor_stand":2,"minecraft:bone":5,"minecraft:stonecutter":1,"minecraft:wheat_seeds":3,"minecraft:cartography_table":1,"minecraft:spruce_planks":1,"minecraft:beef":7,"minecraft:fletching_table":2,"minecraft:lectern":1,"minecraft:sugar_cane":60,"minecraft:chest":5,"minecraft:spruce_trapdoor":4,"minecraft:book":18,"minecraft:raw_iron":24,"minecraft:stick":1,"minecraft:sweet_berries":222,"minecraft:torch":8,"minecraft:gravel":1,"minecraft:spruce_fence":37,"minecraft:diorite":1,"minecraft:stripped_spruce_log":1,"minecraft:spruce_sapling":6,"minecraft:ink_sac":3,"minecraft:blast_furnace":3,"minecraft:spruce_log":37,"minecraft:mossy_cobblestone":1,"minecraft:spruce_fence_gate":1,"minecraft:pumpkin_seeds":8,"minecraft:arrow":1,"minecraft:rotten_flesh":6,"minecraft:bread":8,"minecraft:mutton":16,"minecraft:coal":111,"minecraft:white_wool":9,"minecraft:cobblestone":66},"minecraft:dropped":{"minecraft:wheat_seeds":1,"minecraft:rotten_flesh":1,"minecraft:fern":1,"minecraft:pumpkin_seeds":8,"minecraft:large_fern":1},"minecraft:custom":{"minecraft:interact_with_furnace":4,"minecraft:mob_kills":32,"minecraft:interact_with_crafting_table":9,"minecraft:time_since_death":89971,"minecraft:sleep_in_bed":2,"minecraft:climb_one_cm":630,"minecraft:time_since_rest":26695,"minecraft:sprint_one_cm":381345,"minecraft:damage_taken":534,"minecraft:walk_one_cm":179988,"minecraft:drop":7,"minecraft:damage_dealt":4207,"minecraft:swim_one_cm":5942,"minecraft:talked_to_villager":1,"minecraft:fly_one_cm":374602,"minecraft:open_chest":30,"minecraft:crouch_one_cm":22193,"minecraft:play_time":89971,"minecraft:sneak_time":8083,"minecraft:walk_under_water_one_cm":2199,"minecraft:jump":1927,"minecraft:walk_on_water_one_cm":3065,"minecraft:interact_with_smoker":4,"minecraft:total_world_time":89971,"minecraft:fall_one_cm":35526},"minecraft:used":{"minecraft:wheat_seeds":2,"minecraft:diorite":1,"minecraft:stone_sword":114,"minecraft:stone_pickaxe":207,"minecraft:chest":4,"minecraft:wooden_pickaxe":13,"minecraft:brown_mushroom":2,"minecraft:sugar_cane":42,"minecraft:blue_bed":1,"minecraft:rotten_flesh":1,"minecraft:iron_chestplate":1,"minecraft:torch":21,"minecraft:mossy_cobblestone":1,"minecraft:dirt":6,"minecraft:mutton":7,"minecraft:crafting_table":4,"minecraft:smoker":1,"minecraft:spruce_log":1,"minecraft:fern":2,"minecraft:chicken":1,"minecraft:string":2,"minecraft:iron_helmet":1,"minecraft:gravel":1,"minecraft:stone_axe":94,"minecraft:cobblestone":26,"minecraft:beef":3,"minecraft:sweet_berries":96,"minecraft:furnace":1,"minecraft:andesite":1,"minecraft:smooth_stone_slab":6}},"DataVersion":3953}