{"stats":{"minecraft:killed":{"minecraft:zombie_villager":1,"minecraft:sheep":2,"minecraft:zombie":2,"minecraft:chicken":5},"minecraft:mined":{"minecraft:brown_mushroom":2,"minecraft:mossy_cobblestone":1,"minecraft:smoker":1,"minecraft:crafting_table":3,"minecraft:spruce_trapdoor":2,"minecraft:blast_furnace":3,"minecraft:chest":5,"minecraft:lectern":1,"minecraft:tall_grass":1,"minecraft:cobblestone":5,"minecraft:spruce_leaves":7,"minecraft:sugar_cane":14,"minecraft:cartography_table":1,"minecraft:blue_bed":1,"minecraft:wall_torch":1,"minecraft:wheat":1,"minecraft:sweet_berry_bush":13,"minecraft:spruce_log":21,"minecraft:fletching_table":2,"minecraft:smooth_stone_slab":4,"minecraft:bookshelf":6,"minecraft:coal_ore":29,"minecraft:stonecutter":1,"minecraft:stone":27,"minecraft:fern":1},"minecraft:crafted":{"minecraft:crafting_table":1,"minecraft:spruce_planks":16,"minecraft:wooden_pickaxe":1,"minecraft:furnace":1,"minecraft:stone_axe":1,"minecraft:stick":16,"minecraft:stone_pickaxe":1,"minecraft:stone_sword":1,"minecraft:torch":4},"minecraft:picked_up":{"minecraft:crafting_table":3,"minecraft:wheat":1,"minecraft:feather":5,"minecraft:chicken":5,"minecraft:brown_mushroom":2,"minecraft:brown_wool":1,"minecraft:fern":3,"minecraft:smoker":1,"minecraft:potato":1,"minecraft:blue_bed":1,"minecraft:smooth_stone_slab":6,"minecraft:large_fern":1,"minecraft:armor_stand":2,"minecraft:bone":1,"minecraft:stonecutter":1,"minecraft:wheat_seeds":2,"minecraft:cartography_table":1,"minecraft:fletching_table":2,"minecraft:lectern":1,"minecraft:sugar_cane":34,"minecraft:chest":5,"minecraft:spruce_trapdoor":2,"minecraft:book":18,"minecraft:stick":1,"minecraft:sweet_berries":68,"minecraft:torch":1,"minecraft:spruce_sapling":5,"minecraft:blast_furnace":3,"minecraft:spruce_log":25,"minecraft:mossy_cobblestone":1,"minecraft:pumpkin_seeds":8,"minecraft:arrow":1,"minecraft:rotten_flesh":2,"minecraft:bread":8,"minecraft:mutton":9,"minecraft:coal":27,"minecraft:white_wool":4,"minecraft:cobblestone":32},"minecraft:dropped":{"minecraft:rotten_flesh":1,"minecraft:fern":1,"minecraft:pumpkin_seeds":8,"minecraft:large_fern":1},"minecraft:custom":{"minecraft:interact_with_furnace":1,"minecraft:mob_kills":10,"minecraft:interact_with_crafting_table":5,"minecraft:time_since_death":35971,"minecraft:sleep_in_bed":1,"minecraft:climb_one_cm":630,"minecraft:time_since_rest":10773,"minecraft:sprint_one_cm":175194,"minecraft:damage_taken":340,"minecraft:walk_one_cm":84903,"minecraft:drop":6,"minecraft:damage_dealt":1113,"minecraft:swim_one_cm":1142,"minecraft:talked_to_villager":1,"minecraft:fly_one_cm":171790,"minecraft:open_chest":13,"minecraft:crouch_one_cm":4127,"minecraft:play_time":35971,"minecraft:sneak_time":1439,"minecraft:walk_under_water_one_cm":462,"minecraft:jump":870,"minecraft:walk_on_water_one_cm":1461,"minecraft:total_world_time":35971,"minecraft:fall_one_cm":17273},"minecraft:used":{"minecraft:wheat_seeds":2,"minecraft:stone_sword":39,"minecraft:stone_pickaxe":58,"minecraft:chest":4,"minecraft:wooden_pickaxe":13,"minecraft:brown_mushroom":2,"minecraft:blue_bed":1,"minecraft:rotten_flesh":1,"minecraft:iron_chestplate":1,"minecraft:mossy_cobblestone":1,"minecraft:mutton":7,"minecraft:crafting_table":3,"minecraft:spruce_log":1,"minecraft:fern":2,"minecraft:chicken":1,"minecraft:iron_helmet":1,"minecraft:stone_axe":37,"minecraft:sweet_berries":43,"minecraft:furnace":1,"minecraft:smooth_stone_slab":6}},"DataVersion":3953}