{"stats":{"minecraft:killed":{"minecraft:sheep":1,"minecraft:zombie":1,"minecraft:zombie_villager":1},"minecraft:mined":{"minecraft:sweet_berry_bush":12,"minecraft:spruce_log":21,"minecraft:crafting_table":1,"minecraft:tall_grass":1,"minecraft:spruce_leaves":5,"minecraft:stone":13,"minecraft:sugar_cane":2},"minecraft:crafted":{"minecraft:crafting_table":1,"minecraft:spruce_planks":12,"minecraft:stick":8,"minecraft:wooden_pickaxe":1,"minecraft:stone_pickaxe":1,"minecraft:stone_sword":1,"minecraft:stone_axe":1},"minecraft:picked_up":{"minecraft:stick":1,"minecraft:crafting_table":1,"minecraft:sweet_berries":62,"minecraft:brown_wool":1,"minecraft:potato":1,"minecraft:spruce_sapling":4,"minecraft:spruce_log":21,"minecraft:arrow":1,"minecraft:bone":1,"minecraft:rotten_flesh":2,"minecraft:sugar_cane":4,"minecraft:mutton":7,"minecraft:white_wool":3,"minecraft:cobblestone":13},"minecraft:used":{"minecraft:stone_sword":23,"minecraft:wooden_pickaxe":13,"minecraft:rotten_flesh":1,"minecraft:stone_axe":16,"minecraft:sweet_berries":16,"minecraft:crafting_table":1},"minecraft:custom":{"minecraft:time_since_rest":11971,"minecraft:sprint_one_cm":50617,"minecraft:damage_taken":305,"minecraft:walk_one_cm":31824,"minecraft:mob_kills":3,"minecraft:damage_dealt":633,"minecraft:interact_with_crafting_table":3,"minecraft:fly_one_cm":54258,"minecraft:crouch_one_cm":3599,"minecraft:play_time":11971,"minecraft:sneak_time":988,"minecraft:jump":379,"minecraft:walk_on_water_one_cm":330,"minecraft:time_since_death":11971,"minecraft:total_world_time":11971,"minecraft:fall_one_cm":9476}},"DataVersion":3953}