{"stats":{"minecraft:killed":{"minecraft:zombie_villager":1,"minecraft:sheep":1,"minecraft:zombie":2},"minecraft:mined":{"minecraft:brown_mushroom":2,"minecraft:smoker":1,"minecraft:crafting_table":2,"minecraft:spruce_trapdoor":2,"minecraft:blast_furnace":3,"minecraft:chest":5,"minecraft:lectern":1,"minecraft:tall_grass":1,"minecraft:cobblestone":1,"minecraft:spruce_leaves":7,"minecraft:sugar_cane":14,"minecraft:cartography_table":1,"minecraft:blue_bed":1,"minecraft:wall_torch":1,"minecraft:wheat":1,"minecraft:sweet_berry_bush":12,"minecraft:spruce_log":21,"minecraft:fletching_table":2,"minecraft:smooth_stone_slab":2,"minecraft:bookshelf":6,"minecraft:stonecutter":1,"minecraft:stone":13,"minecraft:fern":1},"minecraft:crafted":{"minecraft:crafting_table":1,"minecraft:spruce_planks":12,"minecraft:wooden_pickaxe":1,"minecraft:stone_axe":1,"minecraft:stick":8,"minecraft:stone_pickaxe":1,"minecraft:stone_sword":1},"minecraft:picked_up":{"minecraft:crafting_table":2,"minecraft:wheat":1,"minecraft:brown_mushroom":2,"minecraft:brown_wool":1,"minecraft:fern":3,"minecraft:smoker":1,"minecraft:potato":1,"minecraft:blue_bed":1,"minecraft:smooth_stone_slab":4,"minecraft:large_fern":1,"minecraft:armor_stand":2,"minecraft:bone":1,"minecraft:stonecutter":1,"minecraft:wheat_seeds":2,"minecraft:cartography_table":1,"minecraft:fletching_table":2,"minecraft:lectern":1,"minecraft:sugar_cane":34,"minecraft:chest":5,"minecraft:spruce_trapdoor":2,"minecraft:book":18,"minecraft:stick":1,"minecraft:sweet_berries":68,"minecraft:torch":1,"minecraft:spruce_sapling":5,"minecraft:blast_furnace":3,"minecraft:spruce_log":25,"minecraft:pumpkin_seeds":8,"minecraft:arrow":1,"minecraft:rotten_flesh":2,"minecraft:bread":8,"minecraft:mutton":7,"minecraft:white_wool":3,"minecraft:cobblestone":14},"minecraft:dropped":{"minecraft:rotten_flesh":1,"minecraft:fern":1,"minecraft:pumpkin_seeds":8,"minecraft:large_fern":1},"minecraft:custom":{"minecraft:mob_kills":4,"minecraft:interact_with_crafting_table":3,"minecraft:time_since_death":23971,"minecraft:climb_one_cm":630,"minecraft:time_since_rest":23971,"minecraft:sprint_one_cm":137207,"minecraft:damage_taken":340,"minecraft:walk_one_cm":67998,"minecraft:drop":6,"minecraft:damage_dealt":833,"minecraft:swim_one_cm":1142,"minecraft:talked_to_villager":1,"minecraft:fly_one_cm":125698,"minecraft:open_chest":7,"minecraft:crouch_one_cm":3684,"minecraft:play_time":23971,"minecraft:sneak_time":1061,"minecraft:walk_under_water_one_cm":96,"minecraft:jump":687,"minecraft:walk_on_water_one_cm":880,"minecraft:total_world_time":23971,"minecraft:fall_one_cm":14169},"minecraft:used":{"minecraft:wheat_seeds":2,"minecraft:stone_sword":31,"minecraft:stone_pickaxe":8,"minecraft:chest":4,"minecraft:wooden_pickaxe":13,"minecraft:brown_mushroom":2,"minecraft:blue_bed":1,"minecraft:rotten_flesh":1,"minecraft:iron_chestplate":1,"minecraft:mutton":7,"minecraft:crafting_table":2,"minecraft:spruce_log":1,"minecraft:fern":2,"minecraft:iron_helmet":1,"minecraft:stone_axe":36,"minecraft:sweet_berries":33,"minecraft:smooth_stone_slab":4}},"DataVersion":3953}