{"stats":{"minecraft:killed":{"minecraft:zombie_villager":1,"minecraft:spider":1,"minecraft:sheep":6,"minecraft:zombie":2,"minecraft:chicken":7},"minecraft:mined":{"minecraft:brown_mushroom":2,"minecraft:mossy_cobblestone":1,"minecraft:smoker":1,"minecraft:torch":4,"minecraft:crafting_table":4,"minecraft:spruce_trapdoor":2,"minecraft:short_grass":1,"minecraft:blast_furnace":3,"minecraft:grass_block":1,"minecraft:chest":5,"minecraft:lectern":1,"minecraft:tall_grass":1,"minecraft:cobblestone":5,"minecraft:spruce_leaves":23,"minecraft:sugar_cane":17,"minecraft:cartography_table":1,"minecraft:blue_bed":1,"minecraft:wall_torch":2,"minecraft:large_fern":4,"minecraft:wheat":1,"minecraft:sweet_berry_bush":38,"minecraft:spruce_log":33,"minecraft:stripped_spruce_log":1,"minecraft:fletching_table":2,"minecraft:smooth_stone_slab":4,"minecraft:bookshelf":6,"minecraft:coal_ore":97,"minecraft:stonecutter":1,"minecraft:stone":34,"minecraft:tripwire":2,"minecraft:fern":1},"minecraft:broken":{"minecraft:stone_pickaxe":1},"minecraft:crafted":{"minecraft:crafting_table":1,"minecraft:spruce_planks":20,"minecraft:wooden_pickaxe":1,"minecraft:furnace":1,"minecraft:stone_axe":1,"minecraft:stick":16,"minecraft:stone_pickaxe":2,"minecraft:stone_sword":1,"minecraft:torch":4},"minecraft:picked_up":{"minecraft:crafting_table":4,"minecraft:wheat":1,"minecraft:feather":6,"minecraft:chicken":7,"minecraft:brown_mushroom":2,"minecraft:brown_wool":1,"minecraft:fern":3,"minecraft:smoker":1,"minecraft:potato":1,"minecraft:dirt":1,"minecraft:string":3,"minecraft:blue_bed":1,"minecraft:smooth_stone_slab":6,"minecraft:large_fern":1,"minecraft:armor_stand":2,"minecraft:bone":1,"minecraft:stonecutter":1,"minecraft:wheat_seeds":2,"minecraft:cartography_table":1,"minecraft:fletching_table":2,"minecraft:lectern":1,"minecraft:sugar_cane":42,"minecraft:chest":5,"minecraft:spruce_trapdoor":2,"minecraft:book":18,"minecraft:stick":1,"minecraft:sweet_berries":133,"minecraft:torch":6,"minecraft:stripped_spruce_log":1,"minecraft:spruce_sapling":6,"minecraft:blast_furnace":3,"minecraft:spruce_log":37,"minecraft:mossy_cobblestone":1,"minecraft:pumpkin_seeds":8,"minecraft:arrow":1,"minecraft:rotten_flesh":2,"minecraft:bread":8,"minecraft:mutton":16,"minecraft:coal":97,"minecraft:white_wool":9,"minecraft:cobblestone":39},"minecraft:dropped":{"minecraft:rotten_flesh":1,"minecraft:fern":1,"minecraft:pumpkin_seeds":8,"minecraft:large_fern":1},"minecraft:custom":{"minecraft:interact_with_furnace":2,"minecraft:mob_kills":18,"minecraft:interact_with_crafting_table":6,"minecraft:time_since_death":47971,"minecraft:sleep_in_bed":1,"minecraft:climb_one_cm":630,"minecraft:time_since_rest":22773,"minecraft:sprint_one_cm":213522,"minecraft:damage_taken":354,"minecraft:walk_one_cm":113941,"minecraft:drop":6,"minecraft:damage_dealt":1722,"minecraft:swim_one_cm":2013,"minecraft:talked_to_villager":1,"minecraft:fly_one_cm":201450,"minecraft:open_chest":21,"minecraft:crouch_one_cm":11352,"minecraft:play_time":47971,"minecraft:sneak_time":3937,"minecraft:walk_under_water_one_cm":848,"minecraft:jump":1047,"minecraft:walk_on_water_one_cm":1867,"minecraft:total_world_time":47971,"minecraft:fall_one_cm":20797},"minecraft:used":{"minecraft:wheat_seeds":2,"minecraft:stone_sword":55,"minecraft:stone_pickaxe":137,"minecraft:chest":4,"minecraft:wooden_pickaxe":13,"minecraft:brown_mushroom":2,"minecraft:sugar_cane":42,"minecraft:blue_bed":1,"minecraft:rotten_flesh":1,"minecraft:iron_chestplate":1,"minecraft:torch":5,"minecraft:mossy_cobblestone":1,"minecraft:mutton":7,"minecraft:crafting_table":4,"minecraft:spruce_log":1,"minecraft:fern":2,"minecraft:chicken":1,"minecraft:string":2,"minecraft:iron_helmet":1,"minecraft:stone_axe":53,"minecraft:sweet_berries":51,"minecraft:furnace":1,"minecraft:smooth_stone_slab":6}},"DataVersion":3953}