{"stats":{"minecraft:mined":{"minecraft:large_fern":3,"minecraft:short_grass":16,"minecraft:grass_block":2},"minecraft:picked_up":{"minecraft:wheat_seeds":1,"minecraft:dirt":2},"minecraft:used":{"minecraft:dirt":2},"minecraft:custom":{"minecraft:jump":244,"minecraft:time_since_rest":20852,"minecraft:leave_game":1,"minecraft:walk_on_water_one_cm":241,"minecraft:damage_dealt":49,"minecraft:crouch_one_cm":3258,"minecraft:sprint_one_cm":25871,"minecraft:play_time":20852,"minecraft:damage_taken":100,"minecraft:time_since_death":20852,"minecraft:walk_one_cm":23770,"minecraft:sneak_time":520,"minecraft:total_world_time":20852,"minecraft:walk_under_water_one_cm":166,"minecraft:swim_one_cm":499,"minecraft:fall_one_cm":6939,"minecraft:fly_one_cm":39103}},"DataVersion":3953}