{"stats":{"minecraft:mined":{"minecraft:grass_block":2},"minecraft:picked_up":{"minecraft:dirt":2},"minecraft:used":{"minecraft:dirt":2},"minecraft:custom":{"minecraft:jump":100,"minecraft:time_since_rest":5978,"minecraft:damage_dealt":20,"minecraft:crouch_one_cm":1535,"minecraft:sprint_one_cm":8353,"minecraft:play_time":5978,"minecraft:damage_taken":40,"minecraft:time_since_death":5978,"minecraft:walk_one_cm":5955,"minecraft:sneak_time":212,"minecraft:total_world_time":5978,"minecraft:fall_one_cm":3262,"minecraft:fly_one_cm":14851}},"DataVersion":3953}