{"stats":{"minecraft:killed":{"minecraft:sheep":2,"minecraft:pig":3,"minecraft:chicken":1},"minecraft:mined":{"minecraft:short_grass":2,"minecraft:oak_log":20,"minecraft:oak_leaves":15},"minecraft:picked_up":{"minecraft:stick":3,"minecraft:chicken":1,"minecraft:brown_wool":1,"minecraft:wheat_seeds":2,"minecraft:porkchop":3,"minecraft:oak_log":20,"minecraft:oak_sapling":3,"minecraft:mutton":3,"minecraft:white_wool":1,"minecraft:dirt":17},"minecraft:killed_by":{"minecraft:zombie":1},"minecraft:used":{"minecraft:mutton":3,"minecraft:chicken":1},"minecraft:custom":{"minecraft:time_since_rest":2711,"minecraft:crouch_one_cm":1302,"minecraft:deaths":1,"minecraft:play_time":17985,"minecraft:sprint_one_cm":7160,"minecraft:damage_taken":311,"minecraft:walk_one_cm":88496,"minecraft:sneak_time":391,"minecraft:walk_under_water_one_cm":211,"minecraft:mob_kills":6,"minecraft:jump":207,"minecraft:damage_dealt":635,"minecraft:time_since_death":2673,"minecraft:walk_on_water_one_cm":458,"minecraft:total_world_time":17985,"minecraft:swim_one_cm":1195,"minecraft:fall_one_cm":3839,"minecraft:fly_one_cm":4531}},"DataVersion":3953}