{"stats":{"minecraft:killed":{"minecraft:sheep":4,"minecraft:pig":6,"minecraft:chicken":1,"minecraft:cow":3},"minecraft:mined":{"minecraft:hay_block":38,"minecraft:white_bed":1,"minecraft:birch_leaves":2,"minecraft:yellow_bed":2,"minecraft:crafting_table":1,"minecraft:short_grass":4,"minecraft:oak_log":20,"minecraft:chest":2,"minecraft:stone":9,"minecraft:sugar_cane":3,"minecraft:oak_leaves":17},"minecraft:crafted":{"minecraft:oak_planks":20,"minecraft:crafting_table":1,"minecraft:stick":4,"minecraft:wooden_pickaxe":1,"minecraft:stone_pickaxe":1,"minecraft:stone_sword":1,"minecraft:stone_axe":1},"minecraft:picked_up":{"minecraft:stick":3,"minecraft:crafting_table":1,"minecraft:chicken":1,"minecraft:brown_wool":1,"minecraft:leather":2,"minecraft:porkchop":9,"minecraft:oak_log":20,"minecraft:white_bed":1,"minecraft:yellow_bed":2,"minecraft:dirt":17,"minecraft:wheat_seeds":2,"minecraft:hay_block":38,"minecraft:beef":6,"minecraft:oak_sapling":3,"minecraft:sugar_cane":6,"minecraft:chest":2,"minecraft:mutton":6,"minecraft:white_wool":3,"minecraft:cobblestone":9},"minecraft:killed_by":{"minecraft:zombie":1},"minecraft:used":{"minecraft:chicken":1,"minecraft:wooden_pickaxe":9,"minecraft:stone_axe":5,"minecraft:mutton":3,"minecraft:beef":6,"minecraft:crafting_table":1,"minecraft:porkchop":1,"minecraft:yellow_bed":1},"minecraft:custom":{"minecraft:time_since_rest":26711,"minecraft:sprint_one_cm":66396,"minecraft:damage_taken":421,"minecraft:walk_one_cm":180541,"minecraft:mob_kills":14,"minecraft:damage_dealt":1405,"minecraft:interact_with_crafting_table":2,"minecraft:swim_one_cm":14247,"minecraft:fly_one_cm":93392,"minecraft:open_chest":3,"minecraft:crouch_one_cm":1631,"minecraft:play_time":41985,"minecraft:deaths":1,"minecraft:sneak_time":468,"minecraft:walk_under_water_one_cm":1017,"minecraft:jump":679,"minecraft:walk_on_water_one_cm":5886,"minecraft:time_since_death":26673,"minecraft:total_world_time":41985,"minecraft:fall_one_cm":12805}},"DataVersion":3953}