{"stats":{"minecraft:killed":{"minecraft:pig":6,"minecraft:sheep":4,"minecraft:chicken":1,"minecraft:cow":3},"minecraft:mined":{"minecraft:smithing_table":1,"minecraft:light_gray_carpet":1,"minecraft:spruce_planks":1,"minecraft:white_bed":5,"minecraft:smoker":2,"minecraft:crafting_table":3,"minecraft:jungle_stairs":1,"minecraft:short_grass":7,"minecraft:blast_furnace":1,"minecraft:grass_block":6,"minecraft:chest":2,"minecraft:copper_ore":2,"minecraft:spruce_leaves":11,"minecraft:grindstone":1,"minecraft:sugar_cane":3,"minecraft:hay_block":38,"minecraft:fire":1,"minecraft:iron_ore":2,"minecraft:sweet_berry_bush":3,"minecraft:white_carpet":5,"minecraft:birch_leaves":2,"minecraft:fletching_table":1,"minecraft:yellow_bed":2,"minecraft:bookshelf":6,"minecraft:oak_log":20,"minecraft:flowering_azalea_leaves":55,"minecraft:water_cauldron":2,"minecraft:iron_bars":2,"minecraft:lantern":2,"minecraft:loom":2,"minecraft:sand":4,"minecraft:azalea_leaves":142,"minecraft:stone":9,"minecraft:fern":1,"minecraft:oak_leaves":17},"minecraft:crafted":{"minecraft:oak_planks":20,"minecraft:crafting_table":1,"minecraft:wooden_pickaxe":1,"minecraft:stone_axe":1,"minecraft:bread":114,"minecraft:oak_boat":1,"minecraft:stick":4,"minecraft:stone_pickaxe":1,"minecraft:stone_sword":1,"minecraft:shears":1,"minecraft:wheat":342},"minecraft:picked_up":{"minecraft:crafting_table":3,"minecraft:feather":3,"minecraft:chicken":1,"minecraft:leather":2,"minecraft:brown_wool":1,"minecraft:smithing_table":1,"minecraft:smoker":2,"minecraft:oak_log":20,"minecraft:yellow_bed":2,"minecraft:dirt":23,"minecraft:lantern":2,"minecraft:raw_copper":6,"minecraft:white_carpet":5,"minecraft:wheat_seeds":2,"minecraft:spruce_planks":1,"minecraft:beef":6,"minecraft:grindstone":1,"minecraft:oak_boat":1,"minecraft:azalea_leaves":140,"minecraft:poppy":1,"minecraft:fletching_table":1,"minecraft:sugar_cane":6,"minecraft:chest":2,"minecraft:book":18,"minecraft:stick":3,"minecraft:raw_iron":2,"minecraft:sweet_berries":44,"minecraft:flowering_azalea_leaves":55,"minecraft:porkchop":9,"minecraft:sand":4,"minecraft:blast_furnace":1,"minecraft:loom":2,"minecraft:white_bed":5,"minecraft:cauldron":2,"minecraft:stone_axe":1,"minecraft:jungle_stairs":1,"minecraft:shears":1,"minecraft:hay_block":38,"minecraft:golden_apple":1,"minecraft:oak_sapling":3,"minecraft:light_gray_carpet":1,"minecraft:mutton":6,"minecraft:iron_bars":2,"minecraft:cobblestone":9,"minecraft:white_wool":3},"minecraft:killed_by":{"minecraft:zombie_villager":1,"minecraft:zombie":1},"minecraft:dropped":{"minecraft:stone_axe":1,"minecraft:raw_copper":6,"minecraft:feather":3,"minecraft:shears":2,"minecraft:golden_apple":1,"minecraft:azalea_leaves":6},"minecraft:used":{"minecraft:iron_bars":2,"minecraft:stone_pickaxe":16,"minecraft:spruce_planks":1,"minecraft:wooden_pickaxe":9,"minecraft:fletching_table":1,"minecraft:dirt":6,"minecraft:sand":4,"minecraft:mutton":6,"minecraft:crafting_table":3,"minecraft:white_bed":5,"minecraft:shears":197,"minecraft:chicken":1,"minecraft:bread":16,"minecraft:jungle_stairs":1,"minecraft:stone_axe":18,"minecraft:azalea_leaves":6,"minecraft:beef":6,"minecraft:porkchop":1,"minecraft:yellow_bed":1,"minecraft:oak_boat":1,"minecraft:splash_potion":1},"minecraft:custom":{"minecraft:interact_with_furnace":1,"minecraft:mob_kills":14,"minecraft:interact_with_crafting_table":4,"minecraft:interact_with_grindstone":1,"minecraft:time_since_death":36167,"minecraft:sleep_in_bed":3,"minecraft:climb_one_cm":44,"minecraft:time_since_rest":13091,"minecraft:sprint_one_cm":282645,"minecraft:damage_taken":867,"minecraft:walk_one_cm":395052,"minecraft:drop":10,"minecraft:damage_dealt":1405,"minecraft:swim_one_cm":52417,"minecraft:fly_one_cm":637445,"minecraft:open_chest":16,"minecraft:crouch_one_cm":4385,"minecraft:play_time":107985,"minecraft:deaths":2,"minecraft:sneak_time":1292,"minecraft:walk_under_water_one_cm":4838,"minecraft:boat_one_cm":33948,"minecraft:interact_with_brewingstand":1,"minecraft:jump":2689,"minecraft:walk_on_water_one_cm":18355,"minecraft:total_world_time":107985,"minecraft:fall_one_cm":61300}},"DataVersion":3953}