{"stats":{"minecraft:killed":{"minecraft:sheep":4,"minecraft:pig":6,"minecraft:chicken":1,"minecraft:cow":3},"minecraft:mined":{"minecraft:hay_block":38,"minecraft:white_bed":2,"minecraft:smoker":1,"minecraft:birch_leaves":2,"minecraft:fletching_table":1,"minecraft:yellow_bed":2,"minecraft:crafting_table":2,"minecraft:short_grass":4,"minecraft:blast_furnace":1,"minecraft:oak_log":20,"minecraft:water_cauldron":2,"minecraft:chest":2,"minecraft:lantern":2,"minecraft:spruce_leaves":1,"minecraft:grindstone":1,"minecraft:stone":9,"minecraft:sugar_cane":3,"minecraft:oak_leaves":17},"minecraft:crafted":{"minecraft:oak_planks":20,"minecraft:crafting_table":1,"minecraft:stick":4,"minecraft:wooden_pickaxe":1,"minecraft:stone_pickaxe":1,"minecraft:stone_sword":1,"minecraft:stone_axe":1,"minecraft:bread":114,"minecraft:wheat":342},"minecraft:picked_up":{"minecraft:stick":3,"minecraft:crafting_table":2,"minecraft:chicken":1,"minecraft:brown_wool":1,"minecraft:leather":2,"minecraft:smoker":1,"minecraft:porkchop":9,"minecraft:oak_log":20,"minecraft:blast_furnace":1,"minecraft:white_bed":2,"minecraft:yellow_bed":2,"minecraft:cauldron":2,"minecraft:dirt":17,"minecraft:lantern":2,"minecraft:wheat_seeds":2,"minecraft:hay_block":38,"minecraft:grindstone":1,"minecraft:beef":6,"minecraft:poppy":1,"minecraft:fletching_table":1,"minecraft:oak_sapling":3,"minecraft:sugar_cane":6,"minecraft:chest":2,"minecraft:mutton":6,"minecraft:white_wool":3,"minecraft:cobblestone":9},"minecraft:killed_by":{"minecraft:zombie":1},"minecraft:used":{"minecraft:bread":2,"minecraft:chicken":1,"minecraft:stone_pickaxe":8,"minecraft:wooden_pickaxe":9,"minecraft:stone_axe":8,"minecraft:mutton":6,"minecraft:beef":6,"minecraft:crafting_table":2,"minecraft:porkchop":1,"minecraft:white_bed":1,"minecraft:yellow_bed":1},"minecraft:custom":{"minecraft:time_since_rest":10220,"minecraft:sprint_one_cm":89472,"minecraft:damage_taken":461,"minecraft:walk_one_cm":240715,"minecraft:mob_kills":14,"minecraft:damage_dealt":1405,"minecraft:interact_with_crafting_table":3,"minecraft:swim_one_cm":18678,"minecraft:fly_one_cm":164319,"minecraft:open_chest":11,"minecraft:crouch_one_cm":1762,"minecraft:play_time":53985,"minecraft:deaths":1,"minecraft:sneak_time":512,"minecraft:walk_under_water_one_cm":1756,"minecraft:interact_with_grindstone":1,"minecraft:jump":952,"minecraft:walk_on_water_one_cm":7156,"minecraft:time_since_death":38673,"minecraft:sleep_in_bed":1,"minecraft:total_world_time":53985,"minecraft:fall_one_cm":18077}},"DataVersion":3953}