{"stats":{"minecraft:killed":{"minecraft:pig":6,"minecraft:sheep":4,"minecraft:chicken":1,"minecraft:cow":3},"minecraft:mined":{"minecraft:smithing_table":1,"minecraft:light_gray_carpet":1,"minecraft:spruce_planks":1,"minecraft:white_bed":6,"minecraft:smoker":2,"minecraft:stone_brick_slab":1,"minecraft:crafting_table":3,"minecraft:jungle_stairs":1,"minecraft:short_grass":7,"minecraft:blast_furnace":1,"minecraft:grass_block":10,"minecraft:chest":2,"minecraft:copper_ore":2,"minecraft:spruce_leaves":11,"minecraft:grindstone":1,"minecraft:sugar_cane":3,"minecraft:chiseled_stone_bricks":1,"minecraft:hay_block":38,"minecraft:fire":1,"minecraft:iron_ore":6,"minecraft:sweet_berry_bush":3,"minecraft:white_carpet":5,"minecraft:birch_leaves":2,"minecraft:gold_block":1,"minecraft:fletching_table":1,"minecraft:stone_brick_stairs":4,"minecraft:yellow_bed":2,"minecraft:dirt":1,"minecraft:bookshelf":6,"minecraft:oak_log":20,"minecraft:flowering_azalea_leaves":55,"minecraft:water_cauldron":2,"minecraft:iron_bars":3,"minecraft:lantern":2,"minecraft:loom":2,"minecraft:sand":4,"minecraft:cracked_stone_bricks":3,"minecraft:azalea_leaves":142,"minecraft:stone_bricks":1,"minecraft:stone":9,"minecraft:fern":1,"minecraft:oak_leaves":17},"minecraft:crafted":{"minecraft:oak_planks":20,"minecraft:crafting_table":1,"minecraft:wooden_pickaxe":1,"minecraft:stone_axe":1,"minecraft:bread":114,"minecraft:oak_boat":1,"minecraft:stick":8,"minecraft:iron_pickaxe":1,"minecraft:stone_pickaxe":1,"minecraft:stone_sword":1,"minecraft:shears":1,"minecraft:wheat":342},"minecraft:picked_up":{"minecraft:crafting_table":3,"minecraft:feather":3,"minecraft:chicken":1,"minecraft:leather":2,"minecraft:brown_wool":1,"minecraft:smithing_table":1,"minecraft:smoker":2,"minecraft:gold_block":1,"minecraft:stone_brick_stairs":3,"minecraft:oak_log":20,"minecraft:yellow_bed":2,"minecraft:dirt":28,"minecraft:lantern":2,"minecraft:raw_copper":6,"minecraft:white_carpet":5,"minecraft:cracked_stone_bricks":3,"minecraft:wheat_seeds":2,"minecraft:spruce_planks":1,"minecraft:beef":6,"minecraft:grindstone":1,"minecraft:oak_boat":1,"minecraft:azalea_leaves":140,"minecraft:poppy":1,"minecraft:fletching_table":1,"minecraft:sugar_cane":6,"minecraft:chest":2,"minecraft:book":18,"minecraft:stick":3,"minecraft:raw_iron":6,"minecraft:sweet_berries":44,"minecraft:chiseled_stone_bricks":1,"minecraft:stone_brick_slab":1,"minecraft:flowering_azalea_leaves":55,"minecraft:porkchop":9,"minecraft:sand":4,"minecraft:blast_furnace":1,"minecraft:loom":2,"minecraft:white_bed":6,"minecraft:cauldron":2,"minecraft:stone_axe":1,"minecraft:jungle_stairs":1,"minecraft:shears":1,"minecraft:hay_block":38,"minecraft:golden_apple":1,"minecraft:oak_sapling":3,"minecraft:light_gray_carpet":1,"minecraft:mutton":6,"minecraft:iron_bars":3,"minecraft:cobblestone":9,"minecraft:white_wool":3},"minecraft:killed_by":{"minecraft:zombie_villager":1,"minecraft:zombie":1},"minecraft:dropped":{"minecraft:stone_axe":1,"minecraft:raw_copper":6,"minecraft:feather":3,"minecraft:leather":2,"minecraft:cracked_stone_bricks":1,"minecraft:shears":2,"minecraft:golden_apple":1,"minecraft:stick":2,"minecraft:azalea_leaves":6,"minecraft:chest":2,"minecraft:stone_pickaxe":1,"minecraft:iron_bars":1,"minecraft:stone_brick_stairs":1,"minecraft:stone_brick_slab":1,"minecraft:cauldron":2},"minecraft:used":{"minecraft:iron_bars":2,"minecraft:stone_pickaxe":25,"minecraft:spruce_planks":1,"minecraft:wooden_pickaxe":9,"minecraft:fletching_table":1,"minecraft:cracked_stone_bricks":2,"minecraft:dirt":9,"minecraft:sand":4,"minecraft:mutton":6,"minecraft:crafting_table":4,"minecraft:white_bed":5,"minecraft:shears":197,"minecraft:iron_pickaxe":7,"minecraft:chicken":1,"minecraft:bread":20,"minecraft:jungle_stairs":1,"minecraft:stone_brick_stairs":2,"minecraft:stone_axe":18,"minecraft:chiseled_stone_bricks":1,"minecraft:azalea_leaves":6,"minecraft:beef":6,"minecraft:porkchop":1,"minecraft:yellow_bed":1,"minecraft:oak_boat":1,"minecraft:splash_potion":1},"minecraft:custom":{"minecraft:interact_with_furnace":1,"minecraft:mob_kills":14,"minecraft:interact_with_crafting_table":5,"minecraft:interact_with_grindstone":1,"minecraft:time_since_death":48167,"minecraft:sleep_in_bed":4,"minecraft:climb_one_cm":44,"minecraft:time_since_rest":11687,"minecraft:sprint_one_cm":317781,"minecraft:damage_taken":962,"minecraft:walk_one_cm":416206,"minecraft:drop":19,"minecraft:damage_dealt":1405,"minecraft:swim_one_cm":53631,"minecraft:fly_one_cm":676700,"minecraft:open_chest":16,"minecraft:crouch_one_cm":5846,"minecraft:play_time":119985,"minecraft:deaths":2,"minecraft:sneak_time":1796,"minecraft:walk_under_water_one_cm":5118,"minecraft:boat_one_cm":33948,"minecraft:interact_with_brewingstand":1,"minecraft:jump":2948,"minecraft:walk_on_water_one_cm":21179,"minecraft:total_world_time":119985,"minecraft:fall_one_cm":68063}},"DataVersion":3953}