{"stats":{"minecraft:killed":{"minecraft:pig":6,"minecraft:sheep":4,"minecraft:chicken":1,"minecraft:cow":3},"minecraft:mined":{"minecraft:smithing_table":1,"minecraft:spruce_planks":1,"minecraft:white_bed":2,"minecraft:smoker":2,"minecraft:crafting_table":2,"minecraft:jungle_stairs":1,"minecraft:short_grass":6,"minecraft:blast_furnace":1,"minecraft:grass_block":5,"minecraft:chest":2,"minecraft:spruce_leaves":1,"minecraft:grindstone":1,"minecraft:sugar_cane":3,"minecraft:hay_block":38,"minecraft:birch_leaves":2,"minecraft:fletching_table":1,"minecraft:yellow_bed":2,"minecraft:oak_log":20,"minecraft:water_cauldron":2,"minecraft:lantern":2,"minecraft:stone":9,"minecraft:oak_leaves":17},"minecraft:crafted":{"minecraft:oak_planks":20,"minecraft:crafting_table":1,"minecraft:wooden_pickaxe":1,"minecraft:stone_axe":1,"minecraft:bread":114,"minecraft:stick":4,"minecraft:stone_pickaxe":1,"minecraft:stone_sword":1,"minecraft:wheat":342},"minecraft:picked_up":{"minecraft:crafting_table":2,"minecraft:chicken":1,"minecraft:leather":2,"minecraft:brown_wool":1,"minecraft:smithing_table":1,"minecraft:smoker":2,"minecraft:oak_log":20,"minecraft:yellow_bed":2,"minecraft:dirt":22,"minecraft:lantern":2,"minecraft:wheat_seeds":2,"minecraft:spruce_planks":1,"minecraft:beef":6,"minecraft:grindstone":1,"minecraft:poppy":1,"minecraft:fletching_table":1,"minecraft:sugar_cane":6,"minecraft:chest":2,"minecraft:stick":3,"minecraft:porkchop":9,"minecraft:blast_furnace":1,"minecraft:white_bed":2,"minecraft:cauldron":2,"minecraft:jungle_stairs":1,"minecraft:hay_block":38,"minecraft:oak_sapling":3,"minecraft:mutton":6,"minecraft:cobblestone":9,"minecraft:white_wool":3},"minecraft:killed_by":{"minecraft:zombie":1},"minecraft:used":{"minecraft:stone_pickaxe":10,"minecraft:spruce_planks":1,"minecraft:wooden_pickaxe":9,"minecraft:dirt":5,"minecraft:mutton":6,"minecraft:crafting_table":2,"minecraft:white_bed":1,"minecraft:chicken":1,"minecraft:bread":5,"minecraft:jungle_stairs":1,"minecraft:stone_axe":10,"minecraft:beef":6,"minecraft:porkchop":1,"minecraft:yellow_bed":1},"minecraft:custom":{"minecraft:interact_with_furnace":1,"minecraft:mob_kills":14,"minecraft:interact_with_crafting_table":3,"minecraft:interact_with_grindstone":1,"minecraft:time_since_death":50673,"minecraft:sleep_in_bed":1,"minecraft:time_since_rest":22220,"minecraft:sprint_one_cm":126291,"minecraft:damage_taken":501,"minecraft:walk_one_cm":268333,"minecraft:damage_dealt":1405,"minecraft:swim_one_cm":18678,"minecraft:fly_one_cm":271892,"minecraft:open_chest":12,"minecraft:crouch_one_cm":2117,"minecraft:play_time":65985,"minecraft:deaths":1,"minecraft:sneak_time":581,"minecraft:walk_under_water_one_cm":2194,"minecraft:jump":1374,"minecraft:walk_on_water_one_cm":7681,"minecraft:total_world_time":65985,"minecraft:fall_one_cm":27712}},"DataVersion":3953}