{"stats":{"minecraft:killed":{"minecraft:pig":6,"minecraft:sheep":4,"minecraft:chicken":1,"minecraft:cow":3},"minecraft:mined":{"minecraft:smithing_table":1,"minecraft:light_gray_carpet":1,"minecraft:spruce_planks":1,"minecraft:white_bed":5,"minecraft:smoker":2,"minecraft:crafting_table":2,"minecraft:jungle_stairs":1,"minecraft:short_grass":6,"minecraft:blast_furnace":1,"minecraft:grass_block":5,"minecraft:chest":2,"minecraft:copper_ore":2,"minecraft:spruce_leaves":11,"minecraft:grindstone":1,"minecraft:sugar_cane":3,"minecraft:hay_block":38,"minecraft:sweet_berry_bush":3,"minecraft:white_carpet":5,"minecraft:birch_leaves":2,"minecraft:fletching_table":1,"minecraft:yellow_bed":2,"minecraft:bookshelf":6,"minecraft:oak_log":20,"minecraft:flowering_azalea_leaves":55,"minecraft:water_cauldron":2,"minecraft:iron_bars":2,"minecraft:lantern":2,"minecraft:sand":4,"minecraft:azalea_leaves":142,"minecraft:stone":9,"minecraft:fern":1,"minecraft:oak_leaves":17},"minecraft:crafted":{"minecraft:oak_planks":20,"minecraft:crafting_table":1,"minecraft:wooden_pickaxe":1,"minecraft:stone_axe":1,"minecraft:bread":114,"minecraft:stick":4,"minecraft:stone_pickaxe":1,"minecraft:stone_sword":1,"minecraft:shears":1,"minecraft:wheat":342},"minecraft:picked_up":{"minecraft:crafting_table":2,"minecraft:feather":3,"minecraft:chicken":1,"minecraft:leather":2,"minecraft:brown_wool":1,"minecraft:smithing_table":1,"minecraft:smoker":2,"minecraft:oak_log":20,"minecraft:yellow_bed":2,"minecraft:dirt":22,"minecraft:lantern":2,"minecraft:raw_copper":6,"minecraft:white_carpet":5,"minecraft:wheat_seeds":2,"minecraft:spruce_planks":1,"minecraft:beef":6,"minecraft:grindstone":1,"minecraft:azalea_leaves":140,"minecraft:poppy":1,"minecraft:fletching_table":1,"minecraft:sugar_cane":6,"minecraft:chest":2,"minecraft:book":18,"minecraft:stick":3,"minecraft:sweet_berries":44,"minecraft:flowering_azalea_leaves":55,"minecraft:porkchop":9,"minecraft:sand":4,"minecraft:blast_furnace":1,"minecraft:white_bed":5,"minecraft:cauldron":2,"minecraft:stone_axe":1,"minecraft:jungle_stairs":1,"minecraft:shears":1,"minecraft:hay_block":38,"minecraft:golden_apple":1,"minecraft:oak_sapling":3,"minecraft:light_gray_carpet":1,"minecraft:mutton":6,"minecraft:iron_bars":2,"minecraft:cobblestone":9,"minecraft:white_wool":3},"minecraft:killed_by":{"minecraft:zombie_villager":1,"minecraft:zombie":1},"minecraft:dropped":{"minecraft:stone_axe":1,"minecraft:raw_copper":6,"minecraft:feather":3,"minecraft:shears":2,"minecraft:golden_apple":1,"minecraft:azalea_leaves":6},"minecraft:used":{"minecraft:iron_bars":2,"minecraft:stone_pickaxe":14,"minecraft:spruce_planks":1,"minecraft:wooden_pickaxe":9,"minecraft:fletching_table":1,"minecraft:dirt":5,"minecraft:sand":4,"minecraft:mutton":6,"minecraft:crafting_table":2,"minecraft:white_bed":4,"minecraft:shears":197,"minecraft:chicken":1,"minecraft:bread":14,"minecraft:jungle_stairs":1,"minecraft:stone_axe":16,"minecraft:azalea_leaves":6,"minecraft:beef":6,"minecraft:porkchop":1,"minecraft:yellow_bed":1,"minecraft:splash_potion":1},"minecraft:custom":{"minecraft:interact_with_furnace":1,"minecraft:mob_kills":14,"minecraft:interact_with_crafting_table":3,"minecraft:interact_with_grindstone":1,"minecraft:time_since_death":24167,"minecraft:sleep_in_bed":3,"minecraft:climb_one_cm":44,"minecraft:time_since_rest":1091,"minecraft:sprint_one_cm":240389,"minecraft:damage_taken":817,"minecraft:walk_one_cm":366096,"minecraft:drop":10,"minecraft:damage_dealt":1405,"minecraft:swim_one_cm":36915,"minecraft:fly_one_cm":551081,"minecraft:open_chest":16,"minecraft:crouch_one_cm":2661,"minecraft:play_time":95985,"minecraft:deaths":2,"minecraft:sneak_time":723,"minecraft:walk_under_water_one_cm":3154,"minecraft:interact_with_brewingstand":1,"minecraft:jump":2309,"minecraft:walk_on_water_one_cm":15394,"minecraft:total_world_time":95985,"minecraft:fall_one_cm":50409}},"DataVersion":3953}