{"stats":{"minecraft:killed":{"minecraft:sheep":2,"minecraft:pig":6,"minecraft:chicken":1,"minecraft:cow":3},"minecraft:mined":{"minecraft:short_grass":4,"minecraft:oak_log":20,"minecraft:sugar_cane":2,"minecraft:oak_leaves":17},"minecraft:picked_up":{"minecraft:stick":3,"minecraft:chicken":1,"minecraft:leather":2,"minecraft:brown_wool":1,"minecraft:wheat_seeds":2,"minecraft:beef":6,"minecraft:porkchop":9,"minecraft:oak_log":20,"minecraft:oak_sapling":3,"minecraft:sugar_cane":4,"minecraft:mutton":3,"minecraft:white_wool":1,"minecraft:dirt":17},"minecraft:killed_by":{"minecraft:zombie":1},"minecraft:used":{"minecraft:mutton":3,"minecraft:porkchop":1,"minecraft:chicken":1},"minecraft:custom":{"minecraft:time_since_rest":14711,"minecraft:crouch_one_cm":1366,"minecraft:deaths":1,"minecraft:play_time":29985,"minecraft:sprint_one_cm":31573,"minecraft:damage_taken":341,"minecraft:walk_one_cm":136964,"minecraft:sneak_time":398,"minecraft:walk_under_water_one_cm":527,"minecraft:mob_kills":12,"minecraft:jump":332,"minecraft:damage_dealt":1245,"minecraft:time_since_death":14673,"minecraft:walk_on_water_one_cm":3334,"minecraft:total_world_time":29985,"minecraft:swim_one_cm":6490,"minecraft:fall_one_cm":5532,"minecraft:fly_one_cm":22382}},"DataVersion":3953}