{"stats":{"minecraft:killed":{"minecraft:pig":11,"minecraft:spider":2,"minecraft:creeper":1,"minecraft:sheep":7,"minecraft:skeleton":3,"minecraft:zombie":11,"minecraft:chicken":10},"minecraft:mined":{"minecraft:deepslate_redstone_ore":8,"minecraft:tuff":25,"minecraft:deepslate_diamond_ore":10,"minecraft:oak_fence":2,"minecraft:crafting_table":10,"minecraft:granite":9,"minecraft:short_grass":17,"minecraft:tall_grass":2,"minecraft:deepslate_gold_ore":20,"minecraft:spruce_leaves":1,"minecraft:lapis_ore":4,"minecraft:oak_planks":1,"minecraft:diorite":10,"minecraft:wall_torch":2,"minecraft:spawner":1,"minecraft:deepslate_copper_ore":1,"minecraft:furnace":4,"minecraft:iron_ore":23,"minecraft:spruce_log":12,"minecraft:andesite":7,"minecraft:deepslate_lapis_ore":4,"minecraft:oak_log":16,"minecraft:coal_ore":44,"minecraft:deepslate_iron_ore":35,"minecraft:gravel":4,"minecraft:stone":140,"minecraft:oak_leaves":5,"minecraft:deepslate":101},"minecraft:broken":{"minecraft:stone_axe":1,"minecraft:iron_pickaxe":1},"minecraft:crafted":{"minecraft:oak_planks":64,"minecraft:cooked_porkchop":20,"minecraft:crafting_table":2,"minecraft:spruce_planks":48,"minecraft:wooden_pickaxe":2,"minecraft:iron_helmet":1,"minecraft:iron_sword":1,"minecraft:furnace":1,"minecraft:stone_axe":2,"minecraft:air":0,"minecraft:iron_boots":1,"minecraft:iron_chestplate":1,"minecraft:stick":52,"minecraft:iron_ingot":40,"minecraft:iron_pickaxe":2,"minecraft:stone_pickaxe":2,"minecraft:wooden_axe":2,"minecraft:iron_leggings":1,"minecraft:oak_button":2,"minecraft:spruce_boat":1,"minecraft:torch":120},"minecraft:picked_up":{"minecraft:crafting_table":9,"minecraft:feather":8,"minecraft:chicken":10,"minecraft:andesite":7,"minecraft:brown_wool":1,"minecraft:flint":1,"minecraft:tuff":25,"minecraft:oak_log":16,"minecraft:lapis_lazuli":52,"minecraft:string":3,"minecraft:raw_copper":2,"minecraft:bone":3,"minecraft:wheat_seeds":1,"minecraft:cobbled_deepslate":93,"minecraft:raw_gold":19,"minecraft:oak_planks":3,"minecraft:furnace":4,"minecraft:raw_iron":58,"minecraft:oak_fence":6,"minecraft:torch":2,"minecraft:gravel":3,"minecraft:porkchop":23,"minecraft:diorite":7,"minecraft:spruce_log":12,"minecraft:redstone":36,"minecraft:spider_eye":2,"minecraft:arrow":2,"minecraft:rotten_flesh":9,"minecraft:diamond":10,"minecraft:granite":9,"minecraft:oak_sapling":1,"minecraft:rail":2,"minecraft:mutton":9,"minecraft:coal":50,"minecraft:white_wool":6,"minecraft:cobblestone":139},"minecraft:killed_by":{"minecraft:zombie":1},"minecraft:dropped":{"minecraft:raw_copper":2,"minecraft:rotten_flesh":4,"minecraft:granite":9,"minecraft:rail":2,"minecraft:stick":1,"minecraft:oak_button":2,"minecraft:diorite":6,"minecraft:wooden_axe":2,"minecraft:spider_eye":1,"minecraft:arrow":2,"minecraft:stone_pickaxe":1,"minecraft:wooden_pickaxe":2,"minecraft:string":2,"minecraft:bone":3},"minecraft:used":{"minecraft:stone_pickaxe":64,"minecraft:wooden_pickaxe":67,"minecraft:iron_sword":23,"minecraft:iron_chestplate":1,"minecraft:torch":104,"minecraft:crafting_table":10,"minecraft:wooden_axe":24,"minecraft:iron_pickaxe":317,"minecraft:iron_boots":1,"minecraft:stone_axe":88,"minecraft:cobblestone":17,"minecraft:furnace":4,"minecraft:cooked_porkchop":14,"minecraft:cobbled_deepslate":70},"minecraft:custom":{"minecraft:interact_with_furnace":56,"minecraft:mob_kills":46,"minecraft:interact_with_crafting_table":23,"minecraft:leave_game":1,"minecraft:time_since_death":45322,"minecraft:time_since_rest":45345,"minecraft:sprint_one_cm":208540,"minecraft:damage_taken":1275,"minecraft:walk_one_cm":66883,"minecraft:drop":16,"minecraft:damage_dealt":5991,"minecraft:swim_one_cm":8996,"minecraft:fly_one_cm":165461,"minecraft:crouch_one_cm":25046,"minecraft:play_time":53756,"minecraft:deaths":1,"minecraft:sneak_time":8044,"minecraft:walk_under_water_one_cm":5967,"minecraft:jump":1101,"minecraft:walk_on_water_one_cm":7257,"minecraft:total_world_time":53756,"minecraft:fall_one_cm":22233}},"DataVersion":3953}