{"stats":{"minecraft:killed":{"minecraft:skeleton":1,"minecraft:sheep":1,"minecraft:zombie":5,"minecraft:pig":10,"minecraft:chicken":4},"minecraft:mined":{"minecraft:furnace":2,"minecraft:iron_ore":15,"minecraft:spruce_log":12,"minecraft:crafting_table":7,"minecraft:short_grass":1,"minecraft:coal_ore":44,"minecraft:oak_log":16,"minecraft:tall_grass":1,"minecraft:spruce_leaves":1,"minecraft:stone":79,"minecraft:diorite":2,"minecraft:oak_leaves":5},"minecraft:crafted":{"minecraft:oak_planks":64,"minecraft:iron_chestplate":1,"minecraft:cooked_porkchop":15,"minecraft:crafting_table":2,"minecraft:spruce_planks":48,"minecraft:stick":28,"minecraft:iron_pickaxe":1,"minecraft:iron_ingot":11,"minecraft:wooden_pickaxe":2,"minecraft:stone_pickaxe":2,"minecraft:wooden_axe":2,"minecraft:furnace":1,"minecraft:oak_button":2,"minecraft:spruce_boat":1,"minecraft:torch":40,"minecraft:stone_axe":2,"minecraft:air":0},"minecraft:picked_up":{"minecraft:raw_iron":13,"minecraft:crafting_table":6,"minecraft:feather":3,"minecraft:chicken":4,"minecraft:porkchop":22,"minecraft:oak_log":16,"minecraft:diorite":1,"minecraft:spruce_log":12,"minecraft:spider_eye":1,"minecraft:string":1,"minecraft:bone":2,"minecraft:rotten_flesh":5,"minecraft:oak_sapling":1,"minecraft:coal":44,"minecraft:mutton":1,"minecraft:oak_planks":2,"minecraft:white_wool":1,"minecraft:cobblestone":78,"minecraft:furnace":2},"minecraft:killed_by":{"minecraft:zombie":1},"minecraft:dropped":{"minecraft:oak_button":2,"minecraft:wooden_axe":2,"minecraft:stone_pickaxe":1,"minecraft:wooden_pickaxe":2},"minecraft:used":{"minecraft:wooden_axe":24,"minecraft:stone_pickaxe":64,"minecraft:iron_pickaxe":11,"minecraft:wooden_pickaxe":67,"minecraft:iron_chestplate":1,"minecraft:stone_axe":48,"minecraft:torch":17,"minecraft:cobblestone":4,"minecraft:crafting_table":7,"minecraft:furnace":2,"minecraft:cooked_porkchop":7},"minecraft:custom":{"minecraft:time_since_rest":15568,"minecraft:interact_with_furnace":21,"minecraft:sprint_one_cm":86316,"minecraft:damage_taken":738,"minecraft:walk_one_cm":35100,"minecraft:mob_kills":22,"minecraft:drop":6,"minecraft:damage_dealt":2814,"minecraft:interact_with_crafting_table":13,"minecraft:swim_one_cm":2569,"minecraft:fly_one_cm":95192,"minecraft:crouch_one_cm":14191,"minecraft:play_time":23979,"minecraft:deaths":1,"minecraft:sneak_time":4142,"minecraft:walk_under_water_one_cm":1263,"minecraft:jump":535,"minecraft:time_since_death":15545,"minecraft:walk_on_water_one_cm":2509,"minecraft:total_world_time":23979,"minecraft:fall_one_cm":13576}},"DataVersion":3953}