{"stats":{"minecraft:killed":{"minecraft:sheep":1,"minecraft:zombie":1,"minecraft:chicken":4},"minecraft:mined":{"minecraft:spruce_log":12,"minecraft:crafting_table":4,"minecraft:short_grass":1,"minecraft:oak_log":16,"minecraft:tall_grass":1,"minecraft:spruce_leaves":1,"minecraft:stone":13,"minecraft:oak_leaves":5},"minecraft:crafted":{"minecraft:oak_planks":52,"minecraft:crafting_table":2,"minecraft:spruce_planks":48,"minecraft:stick":12,"minecraft:wooden_pickaxe":2,"minecraft:stone_pickaxe":1,"minecraft:wooden_axe":2,"minecraft:oak_button":2,"minecraft:spruce_boat":1,"minecraft:stone_axe":1},"minecraft:picked_up":{"minecraft:crafting_table":3,"minecraft:feather":3,"minecraft:chicken":4,"minecraft:oak_log":16,"minecraft:spruce_log":12,"minecraft:spider_eye":1,"minecraft:string":1,"minecraft:rotten_flesh":1,"minecraft:oak_sapling":1,"minecraft:mutton":1,"minecraft:white_wool":1,"minecraft:cobblestone":13},"minecraft:killed_by":{"minecraft:zombie":1},"minecraft:dropped":{"minecraft:oak_button":2,"minecraft:wooden_axe":1,"minecraft:wooden_pickaxe":1},"minecraft:used":{"minecraft:wooden_axe":20,"minecraft:stone_pickaxe":1,"minecraft:wooden_pickaxe":12,"minecraft:stone_axe":19,"minecraft:crafting_table":4},"minecraft:custom":{"minecraft:time_since_rest":3568,"minecraft:sprint_one_cm":44917,"minecraft:damage_taken":388,"minecraft:walk_one_cm":17427,"minecraft:mob_kills":7,"minecraft:drop":3,"minecraft:damage_dealt":713,"minecraft:interact_with_crafting_table":4,"minecraft:swim_one_cm":1421,"minecraft:fly_one_cm":53169,"minecraft:crouch_one_cm":5787,"minecraft:play_time":11979,"minecraft:deaths":1,"minecraft:sneak_time":1682,"minecraft:walk_under_water_one_cm":774,"minecraft:jump":288,"minecraft:time_since_death":3545,"minecraft:walk_on_water_one_cm":498,"minecraft:total_world_time":11979,"minecraft:fall_one_cm":6802}},"DataVersion":3953}