{"stats":{"minecraft:killed":{"minecraft:pig":10,"minecraft:spider":2,"minecraft:creeper":1,"minecraft:sheep":1,"minecraft:skeleton":2,"minecraft:zombie":9,"minecraft:chicken":4},"minecraft:mined":{"minecraft:deepslate_redstone_ore":8,"minecraft:tuff":15,"minecraft:deepslate_diamond_ore":7,"minecraft:crafting_table":8,"minecraft:granite":9,"minecraft:short_grass":1,"minecraft:tall_grass":1,"minecraft:deepslate_gold_ore":18,"minecraft:spruce_leaves":1,"minecraft:lapis_ore":4,"minecraft:diorite":9,"minecraft:wall_torch":1,"minecraft:spawner":1,"minecraft:deepslate_copper_ore":1,"minecraft:furnace":3,"minecraft:iron_ore":23,"minecraft:spruce_log":12,"minecraft:deepslate_lapis_ore":4,"minecraft:oak_log":16,"minecraft:coal_ore":44,"minecraft:deepslate_iron_ore":33,"minecraft:gravel":4,"minecraft:stone":116,"minecraft:oak_leaves":5,"minecraft:deepslate":72},"minecraft:crafted":{"minecraft:oak_planks":64,"minecraft:cooked_porkchop":15,"minecraft:crafting_table":2,"minecraft:spruce_planks":48,"minecraft:wooden_pickaxe":2,"minecraft:iron_helmet":1,"minecraft:furnace":1,"minecraft:stone_axe":2,"minecraft:air":0,"minecraft:iron_boots":1,"minecraft:iron_chestplate":1,"minecraft:stick":40,"minecraft:iron_ingot":30,"minecraft:iron_pickaxe":1,"minecraft:stone_pickaxe":2,"minecraft:wooden_axe":2,"minecraft:iron_leggings":1,"minecraft:oak_button":2,"minecraft:spruce_boat":1,"minecraft:torch":88},"minecraft:picked_up":{"minecraft:crafting_table":7,"minecraft:feather":3,"minecraft:chicken":4,"minecraft:flint":1,"minecraft:tuff":15,"minecraft:oak_log":16,"minecraft:lapis_lazuli":52,"minecraft:string":3,"minecraft:raw_copper":2,"minecraft:bone":3,"minecraft:cobbled_deepslate":67,"minecraft:raw_gold":17,"minecraft:oak_planks":2,"minecraft:furnace":3,"minecraft:raw_iron":56,"minecraft:torch":1,"minecraft:gravel":3,"minecraft:porkchop":22,"minecraft:diorite":6,"minecraft:spruce_log":12,"minecraft:redstone":36,"minecraft:spider_eye":2,"minecraft:arrow":2,"minecraft:rotten_flesh":7,"minecraft:diamond":7,"minecraft:granite":9,"minecraft:oak_sapling":1,"minecraft:rail":2,"minecraft:mutton":1,"minecraft:coal":44,"minecraft:white_wool":1,"minecraft:cobblestone":115},"minecraft:killed_by":{"minecraft:zombie":1},"minecraft:dropped":{"minecraft:raw_copper":2,"minecraft:rotten_flesh":4,"minecraft:oak_button":2,"minecraft:diorite":6,"minecraft:wooden_axe":2,"minecraft:stone_pickaxe":1,"minecraft:wooden_pickaxe":2,"minecraft:bone":3},"minecraft:used":{"minecraft:stone_pickaxe":64,"minecraft:wooden_pickaxe":67,"minecraft:iron_chestplate":1,"minecraft:torch":88,"minecraft:crafting_table":8,"minecraft:wooden_axe":24,"minecraft:iron_pickaxe":237,"minecraft:iron_boots":1,"minecraft:stone_axe":73,"minecraft:cobblestone":17,"minecraft:furnace":3,"minecraft:cooked_porkchop":12},"minecraft:custom":{"minecraft:interact_with_furnace":46,"minecraft:mob_kills":30,"minecraft:interact_with_crafting_table":17,"minecraft:time_since_death":33545,"minecraft:time_since_rest":33568,"minecraft:sprint_one_cm":159571,"minecraft:damage_taken":1206,"minecraft:walk_one_cm":56768,"minecraft:drop":10,"minecraft:damage_dealt":4581,"minecraft:swim_one_cm":2569,"minecraft:fly_one_cm":127075,"minecraft:crouch_one_cm":24330,"minecraft:play_time":41979,"minecraft:deaths":1,"minecraft:sneak_time":7725,"minecraft:walk_under_water_one_cm":1263,"minecraft:jump":823,"minecraft:walk_on_water_one_cm":5424,"minecraft:total_world_time":41979,"minecraft:fall_one_cm":19493}},"DataVersion":3953}